full_name,5YearTrend
Abbeville County-South Carolina,up
Acadia Parish-Louisiana,up
Accomack County-Virginia,down
Ada County-Idaho,down
Adair County-Iowa,down
Adair County-Kentucky,down
Adair County-Missouri,down
Adair County-Oklahoma,up
Adams County-Colorado,down
Adams County-Idaho,down
Adams County-Illinois,down
Adams County-Indiana,up
Adams County-Iowa,down
Adams County-Mississippi,down
Adams County-Nebraska,up
Adams County-Ohio,up
Adams County-Pennsylvania,down
Adams County-Washington,up
Adams County-Wisconsin,down
Addison County-Vermont,up
Aiken County-South Carolina,up
Aitkin County-Minnesota,up
Alachua County-Florida,down
Alamance County-North Carolina,up
Alameda County-California,down
Alamosa County-Colorado,up
Albany County-New York,down
Albemarle County-Virginia,down
Alcona County-Michigan,up
Alcorn County-Mississippi,up
Alexander County-Illinois,down
Alexander County-North Carolina,up
Alfalfa County-Oklahoma,up
Alger County-Michigan,up
Allamakee County-Iowa,up
Allegan County-Michigan,down
Allegany County-Maryland,down
Alleghany County-North Carolina,up
Alleghany County-Virginia,up
Allegheny County-Pennsylvania,down
Allen County-Indiana,up
Allen County-Kansas,up
Allen County-Kentucky,up
Allen County-Ohio,up
Allen Parish-Louisiana,no change
Allendale County-South Carolina,up
Alpena County-Michigan,down
Alpine County-California,no change
Amelia County-Virginia,down
Amherst County-Virginia,down
Amite County-Mississippi,down
Anderson County-Kansas,up
Anderson County-South Carolina,up
Anderson County-Tennessee,down
Andrew County-Missouri,down
Andrews County-Texas,down
Androscoggin County-Maine,up
Anoka County-Minnesota,down
Anson County-North Carolina,up
Antelope County-Nebraska,up
Antrim County-Michigan,down
Apache County-Arizona,down
Appanoose County-Iowa,up
Appling County-Georgia,up
Appomattox County-Virginia,up
Aransas County-Texas,down
Arapahoe County-Colorado,up
Archer County-Texas,no change
Archuleta County-Colorado,up
Arenac County-Michigan,down
Arlington County-Virginia,up
Armstrong County-Pennsylvania,down
Armstrong County-Texas,no change
Aroostook County-Maine,up
Arthur County-Nebraska,no change
Ashe County-North Carolina,down
Ashland County-Ohio,up
Ashland County-Wisconsin,down
Ashtabula County-Ohio,up
Atascosa County-Texas,down
Atchison County-Kansas,up
Atchison County-Missouri,down
Athens County-Ohio,down
Atkinson County-Georgia,no change
Atlantic County-New Jersey,down
Atoka County-Oklahoma,up
Audrain County-Missouri,down
Audubon County-Iowa,down
Auglaize County-Ohio,up
Augusta County-Virginia,down
Austin County-Texas,down
Autauga County-Alabama,down
Avery County-North Carolina,up
Avoyelles Parish-Louisiana,down
Baca County-Colorado,up
Bacon County-Georgia,down
Bailey County-Texas,no change
Baker County-Florida,up
Baker County-Georgia,no change
Baldwin County-Alabama,down
Baldwin County-Georgia,up
Ballard County-Kentucky,up
Baltimore city-Maryland,no change
Bamberg County-South Carolina,up
Bandera County-Texas,down
Banner County-Nebraska,no change
Bannock County-Idaho,up
Baraga County-Michigan,down
Barber County-Kansas,down
Barbour County-Alabama,up
Barbour County-West Virginia,up
Barnstable County-Massachusetts,down
Barnwell County-South Carolina,up
Barren County-Kentucky,up
Barron County-Wisconsin,down
Barrow County-Georgia,down
Barry County-Michigan,down
Barry County-Missouri,down
Bartholomew County-Indiana,down
Barton County-Kansas,down
Barton County-Missouri,down
Bartow County-Georgia,down
Bates County-Missouri,down
Bath County-Kentucky,down
Bath County-Virginia,down
Bay County-Florida,up
Bay County-Michigan,up
Bayfield County-Wisconsin,up
Baylor County-Texas,no change
Bear Lake County-Idaho,down
Beaufort County-North Carolina,up
Beaufort County-South Carolina,down
Beaver County-Oklahoma,down
Beaver County-Pennsylvania,down
Beaver County-Utah,up
Beaverhead County-Montana,down
Becker County-Minnesota,up
Beckham County-Oklahoma,up
Bedford County-Pennsylvania,down
Bedford County-Virginia,down
Belknap County-New Hampshire,up
Bell County-Kentucky,down
Bell County-Texas,up
Belmont County-Ohio,down
Beltrami County-Minnesota,up
Ben Hill County-Georgia,down
Benewah County-Idaho,down
Bennington County-Vermont,down
Bent County-Colorado,up
Benton County-Indiana,up
Benton County-Iowa,up
Benton County-Mississippi,up
Benton County-Missouri,up
Benton County-Oregon,down
Benton County-Tennessee,down
Benzie County-Michigan,down
Bergen County-New Jersey,down
Berkeley County-South Carolina,up
Berkeley County-West Virginia,down
Berks County-Pennsylvania,down
Berkshire County-Massachusetts,down
Bernalillo County-New Mexico,down
Berrien County-Georgia,no change
Berrien County-Michigan,up
Bertie County-North Carolina,up
Bexar County-Texas,up
Bibb County-Alabama,up
Bibb County-Georgia,down
Big Horn County-Montana,up
Big Stone County-Minnesota,up
Bingham County-Idaho,up
Black Hawk County-Iowa,up
Blackford County-Indiana,up
Bladen County-North Carolina,up
Blaine County-Idaho,down
Blaine County-Montana,down
Blaine County-Nebraska,up
Blaine County-Oklahoma,up
Blair County-Pennsylvania,up
Blanco County-Texas,down
Bland County-Virginia,down
Bleckley County-Georgia,down
Bledsoe County-Tennessee,up
Blount County-Alabama,up
Blount County-Tennessee,down
Blue Earth County-Minnesota,down
Boise County-Idaho,down
Bolivar County-Mississippi,down
Bollinger County-Missouri,up
Bond County-Illinois,up
Bonneville County-Idaho,down
Boone County-Illinois,up
Boone County-Indiana,up
Boone County-Iowa,down
Boone County-Missouri,down
Boone County-Nebraska,down
Boone County-West Virginia,down
Borden County-Texas,no change
Bosque County-Texas,up
Botetourt County-Virginia,down
Boundary County-Idaho,up
Box Elder County-Utah,up
Boyd County-Nebraska,no change
Bracken County-Kentucky,down
Bradford County-Florida,up
Bradford County-Pennsylvania,down
Bradley County-Tennessee,down
Branch County-Michigan,down
Brantley County-Georgia,down
Braxton County-West Virginia,down
Brazoria County-Texas,down
Brazos County-Texas,down
Breathitt County-Kentucky,up
Breckinridge County-Kentucky,down
Bremer County-Iowa,up
Brevard County-Florida,down
Brewster County-Texas,no change
Briscoe County-Texas,no change
Bristol County-Massachusetts,down
Bristol city-Virginia,up
Broadwater County-Montana,down
Bronx County-New York,down
Brooke County-West Virginia,down
Brooks County-Texas,no change
Broward County-Florida,up
Brown County-Illinois,down
Brown County-Indiana,up
Brown County-Kansas,down
Brown County-Minnesota,down
Brown County-Nebraska,no change
Brown County-Ohio,up
Brown County-Texas,down
Brown County-Wisconsin,down
Brunswick County-North Carolina,up
Brunswick County-Virginia,up
Bryan County-Georgia,down
Bryan County-Oklahoma,up
Buchanan County-Iowa,up
Buchanan County-Missouri,down
Buchanan County-Virginia,down
Bucks County-Pennsylvania,down
Buena Vista city-Virginia,up
Buffalo County-Nebraska,up
Buffalo County-Wisconsin,up
Bullitt County-Kentucky,down
Bulloch County-Georgia,down
Bullock County-Alabama,down
Buncombe County-North Carolina,down
Bureau County-Illinois,down
Burke County-North Carolina,up
Burleson County-Texas,down
Burlington County-New Jersey,up
Burnett County-Wisconsin,up
Burt County-Nebraska,up
Butler County-Alabama,up
Butler County-Iowa,down
Butler County-Kansas,down
Butler County-Kentucky,up
Butler County-Missouri,down
Butler County-Nebraska,up
Butler County-Ohio,down
Butler County-Pennsylvania,down
Butte County-California,up
Butte County-Idaho,down
Butts County-Georgia,up
Cabarrus County-North Carolina,up
Cabell County-West Virginia,down
Cache County-Utah,up
Caddo County-Oklahoma,up
Caddo Parish-Louisiana,up
Calaveras County-California,down
Calcasieu Parish-Louisiana,down
Caldwell County-Kentucky,down
Caldwell County-Missouri,down
Caldwell County-North Carolina,up
Caldwell County-Texas,up
Caldwell Parish-Louisiana,no change
Caledonia County-Vermont,up
Calhoun County-Alabama,up
Calhoun County-Florida,down
Calhoun County-Georgia,no change
Calhoun County-Illinois,down
Calhoun County-Iowa,up
Calhoun County-Michigan,down
Calhoun County-Mississippi,up
Calhoun County-South Carolina,down
Calhoun County-Texas,down
Calhoun County-West Virginia,down
Callaway County-Missouri,down
Calloway County-Kentucky,up
Calumet County-Wisconsin,down
Camas County-Idaho,down
Cambria County-Pennsylvania,down
Camden County-Georgia,down
Camden County-Missouri,down
Camden County-New Jersey,down
Camden County-North Carolina,up
Cameron County-Pennsylvania,down
Cameron County-Texas,up
Cameron Parish-Louisiana,no change
Campbell County-Kentucky,down
Campbell County-Virginia,up
Campbell County-Wyoming,up
Canadian County-Oklahoma,up
Candler County-Georgia,up
Cannon County-Tennessee,up
Canyon County-Idaho,up
Cape Girardeau County-Missouri,down
Cape May County-New Jersey,down
Carbon County-Montana,down
Carbon County-Pennsylvania,down
Carbon County-Utah,up
Caribou County-Idaho,down
Carlisle County-Kentucky,down
Carlton County-Minnesota,up
Caroline County-Maryland,down
Caroline County-Virginia,up
Carroll County-Georgia,up
Carroll County-Illinois,down
Carroll County-Indiana,up
Carroll County-Iowa,up
Carroll County-Kentucky,no change
Carroll County-Mississippi,up
Carroll County-Missouri,up
Carroll County-New Hampshire,down
Carroll County-Ohio,down
Carroll County-Tennessee,up
Carroll County-Virginia,down
Carson City-Nevada,up
Carson County-Texas,down
Carter County-Kentucky,up
Carter County-Missouri,down
Carter County-Montana,up
Carter County-Oklahoma,up
Carter County-Tennessee,up
Carteret County-North Carolina,down
Carver County-Minnesota,down
Cascade County-Montana,up
Casey County-Kentucky,up
Cass County-Illinois,down
Cass County-Indiana,up
Cass County-Iowa,up
Cass County-Michigan,down
Cass County-Minnesota,up
Cass County-Missouri,down
Cass County-Nebraska,up
Cass County-Texas,down
Cassia County-Idaho,up
Castro County-Texas,no change
Caswell County-North Carolina,up
Catahoula Parish-Louisiana,no change
Catawba County-North Carolina,up
Catoosa County-Georgia,down
Catron County-New Mexico,down
Cattaraugus County-New York,up
Cayuga County-New York,up
Cedar County-Iowa,down
Cedar County-Missouri,down
Cedar County-Nebraska,up
Centre County-Pennsylvania,down
Cerro Gordo County-Iowa,up
Chaffee County-Colorado,up
Chambers County-Alabama,up
Chambers County-Texas,up
Champaign County-Illinois,up
Champaign County-Ohio,down
Chariton County-Missouri,down
Charles City County-Virginia,up
Charleston County-South Carolina,up
Charlevoix County-Michigan,down
Charlotte County-Florida,down
Charlotte County-Virginia,up
Charlottesville city-Virginia,up
Charlton County-Georgia,no change
Chase County-Kansas,up
Chase County-Nebraska,up
Chatham County-Georgia,down
Chatham County-North Carolina,down
Chattooga County-Georgia,down
Chautauqua County-Kansas,down
Chautauqua County-New York,up
Chaves County-New Mexico,down
Cheatham County-Tennessee,down
Cheboygan County-Michigan,down
Chenango County-New York,up
Cherokee County-Alabama,up
Cherokee County-Georgia,down
Cherokee County-Kansas,down
Cherokee County-North Carolina,up
Cherokee County-Oklahoma,up
Cherokee County-South Carolina,up
Cherry County-Nebraska,up
Chesapeake city-Virginia,up
Chester County-Pennsylvania,down
Chester County-South Carolina,up
Chester County-Tennessee,down
Chesterfield County-South Carolina,up
Chesterfield County-Virginia,down
Cheyenne County-Colorado,down
Cheyenne County-Kansas,up
Cheyenne County-Nebraska,up
Chickasaw County-Iowa,down
Chickasaw County-Mississippi,down
Childress County-Texas,down
Chilton County-Alabama,up
Chippewa County-Michigan,down
Chippewa County-Minnesota,up
Chippewa County-Wisconsin,down
Chisago County-Minnesota,down
Choctaw County-Alabama,down
Choctaw County-Mississippi,down
Choctaw County-Oklahoma,up
Chouteau County-Montana,up
Chowan County-North Carolina,up
Christian County-Illinois,down
Christian County-Missouri,down
Churchill County-Nevada,down
Cibola County-New Mexico,up
Cimarron County-Oklahoma,no change
Citrus County-Florida,up
Clackamas County-Oregon,down
Claiborne County-Mississippi,down
Claiborne County-Tennessee,down
Clallam County-Washington,up
Clare County-Michigan,down
Clarendon County-South Carolina,up
Clarion County-Pennsylvania,up
Clark County-Idaho,no change
Clark County-Illinois,down
Clark County-Indiana,down
Clark County-Kansas,down
Clark County-Missouri,up
Clark County-Nevada,down
Clark County-Ohio,up
Clark County-Washington,down
Clark County-Wisconsin,up
Clarke County-Alabama,up
Clarke County-Iowa,up
Clarke County-Mississippi,up
Clarke County-Virginia,down
Clatsop County-Oregon,up
Clay County-Alabama,up
Clay County-Florida,down
Clay County-Georgia,no change
Clay County-Illinois,down
Clay County-Indiana,down
Clay County-Iowa,down
Clay County-Kansas,up
Clay County-Kentucky,down
Clay County-Minnesota,up
Clay County-Mississippi,down
Clay County-Missouri,down
Clay County-Nebraska,up
Clay County-North Carolina,up
Clay County-Tennessee,up
Clay County-Texas,down
Clay County-West Virginia,down
Clayton County-Georgia,down
Clayton County-Iowa,down
Clear Creek County-Colorado,up
Clearfield County-Pennsylvania,down
Clearwater County-Idaho,up
Clearwater County-Minnesota,up
Cleburne County-Alabama,up
Clermont County-Ohio,down
Cleveland County-North Carolina,up
Cleveland County-Oklahoma,up
Clinch County-Georgia,down
Clinton County-Illinois,down
Clinton County-Indiana,down
Clinton County-Iowa,up
Clinton County-Kentucky,down
Clinton County-Michigan,down
Clinton County-Missouri,down
Clinton County-New York,up
Clinton County-Ohio,up
Clinton County-Pennsylvania,down
Cloud County-Kansas,up
Coahoma County-Mississippi,up
Coal County-Oklahoma,up
Cobb County-Georgia,down
Cochran County-Texas,no change
Cocke County-Tennessee,up
Coffee County-Alabama,up
Coffee County-Georgia,down
Coffee County-Tennessee,down
Coffey County-Kansas,down
Coke County-Texas,no change
Colbert County-Alabama,up
Cole County-Missouri,down
Coleman County-Texas,up
Coles County-Illinois,down
Colfax County-Nebraska,down
Colleton County-South Carolina,up
Collier County-Florida,down
Collin County-Texas,down
Collingsworth County-Texas,no change
Colonial Heights city-Virginia,up
Colquitt County-Georgia,down
Columbia County-Florida,up
Columbia County-New York,up
Columbia County-Oregon,up
Columbia County-Pennsylvania,down
Columbia County-Washington,down
Columbia County-Wisconsin,down
Columbiana County-Ohio,down
Columbus County-North Carolina,up
Colusa County-California,down
Comal County-Texas,up
Comanche County-Kansas,down
Comanche County-Oklahoma,down
Comanche County-Texas,up
Concho County-Texas,no change
Conecuh County-Alabama,up
Conejos County-Colorado,up
Contra Costa County-California,down
Cook County-Georgia,up
Cook County-Illinois,down
Cook County-Minnesota,up
Cooke County-Texas,up
Cooper County-Missouri,down
Coos County-New Hampshire,up
Coos County-Oregon,down
Coosa County-Alabama,up
Copiah County-Mississippi,up
Cortland County-New York,down
Coryell County-Texas,up
Coshocton County-Ohio,down
Costilla County-Colorado,up
Cottle County-Texas,no change
Cotton County-Oklahoma,down
Cottonwood County-Minnesota,up
Covington County-Alabama,up
Covington County-Mississippi,down
Covington city-Virginia,down
Coweta County-Georgia,down
Cowley County-Kansas,down
Cowlitz County-Washington,up
Craig County-Oklahoma,up
Craig County-Virginia,up
Crane County-Texas,down
Craven County-North Carolina,down
Crawford County-Georgia,down
Crawford County-Illinois,down
Crawford County-Indiana,down
Crawford County-Iowa,up
Crawford County-Kansas,down
Crawford County-Michigan,down
Crawford County-Missouri,up
Crawford County-Ohio,down
Crawford County-Pennsylvania,down
Crawford County-Wisconsin,up
Creek County-Oklahoma,up
Crenshaw County-Alabama,up
Crisp County-Georgia,down
Crittenden County-Kentucky,down
Crockett County-Texas,no change
Crook County-Oregon,down
Crook County-Wyoming,no change
Crosby County-Texas,up
Crow Wing County-Minnesota,up
Crowley County-Colorado,up
Culberson County-Texas,no change
Cullman County-Alabama,up
Culpeper County-Virginia,down
Cumberland County-Illinois,down
Cumberland County-Kentucky,up
Cumberland County-Maine,down
Cumberland County-New Jersey,down
Cumberland County-North Carolina,down
Cumberland County-Pennsylvania,down
Cumberland County-Tennessee,down
Cumberland County-Virginia,down
Cuming County-Nebraska,down
Currituck County-North Carolina,up
Curry County-New Mexico,down
Curry County-Oregon,up
Custer County-Colorado,up
Custer County-Idaho,no change
Custer County-Montana,up
Custer County-Oklahoma,down
Cuyahoga County-Ohio,down
Dade County-Georgia,down
Dade County-Missouri,down
Daggett County-Utah,no change
Dakota County-Minnesota,down
Dakota County-Nebraska,down
Dale County-Alabama,up
Dallam County-Texas,down
Dallas County-Alabama,no change
Dallas County-Iowa,up
Dallas County-Missouri,down
Dallas County-Texas,down
Dane County-Wisconsin,down
Daniels County-Montana,no change
Danville city-Virginia,down
Dare County-North Carolina,down
Darke County-Ohio,up
Darlington County-South Carolina,up
Dauphin County-Pennsylvania,down
Davidson County-Tennessee,down
Davie County-North Carolina,up
Daviess County-Indiana,down
Daviess County-Kentucky,up
Daviess County-Missouri,down
Davis County-Iowa,down
Davis County-Utah,up
Dawson County-Georgia,up
Dawson County-Montana,down
Dawson County-Nebraska,up
Dawson County-Texas,no change
De Baca County-New Mexico,up
De Witt County-Illinois,up
DeKalb County-Alabama,up
DeKalb County-Georgia,down
DeKalb County-Illinois,down
DeKalb County-Indiana,down
DeKalb County-Missouri,down
DeKalb County-Tennessee,up
DeSoto County-Florida,up
DeSoto County-Mississippi,up
DeWitt County-Texas,down
Deaf Smith County-Texas,down
Dearborn County-Indiana,up
Decatur County-Indiana,down
Decatur County-Iowa,up
Decatur County-Kansas,down
Deer Lodge County-Montana,up
Defiance County-Ohio,up
Del Norte County-California,down
Delaware County-Indiana,up
Delaware County-Iowa,down
Delaware County-Ohio,down
Delaware County-Oklahoma,up
Delaware County-Pennsylvania,down
Delta County-Colorado,down
Delta County-Michigan,down
Delta County-Texas,down
Dent County-Missouri,up
Denton County-Texas,down
Denver County-Colorado,down
Des Moines County-Iowa,down
Deschutes County-Oregon,down
Deuel County-Nebraska,up
Dewey County-Oklahoma,down
Dickens County-Texas,up
Dickenson County-Virginia,down
Dickinson County-Iowa,up
Dickinson County-Kansas,up
Dickinson County-Michigan,down
Dickson County-Tennessee,down
Dillon County-South Carolina,no change
Dimmit County-Texas,no change
Dinwiddie County-Virginia,up
District of Columbia-District of Columbia,up
Dixie County-Florida,down
Dixon County-Nebraska,down
Doddridge County-West Virginia,down
Dodge County-Minnesota,down
Dodge County-Nebraska,up
Dodge County-Wisconsin,up
Dolores County-Colorado,down
Dona Ana County-New Mexico,down
Doniphan County-Kansas,up
Donley County-Texas,down
Dooly County-Georgia,down
Door County-Wisconsin,down
Dorchester County-South Carolina,up
Douglas County-Colorado,up
Douglas County-Georgia,down
Douglas County-Illinois,down
Douglas County-Kansas,up
Douglas County-Minnesota,up
Douglas County-Missouri,down
Douglas County-Nebraska,up
Douglas County-Nevada,up
Douglas County-Oregon,down
Douglas County-Wisconsin,down
DuPage County-Illinois,down
Dubois County-Indiana,down
Dubuque County-Iowa,up
Duchesne County-Utah,up
Dukes County-Massachusetts,down
Dundy County-Nebraska,down
Dunklin County-Missouri,down
Dunn County-Wisconsin,down
Duplin County-North Carolina,up
Durham County-North Carolina,down
Dutchess County-New York,up
Duval County-Florida,up
Duval County-Texas,down
Dyer County-Tennessee,down
Early County-Georgia,no change
East Baton Rouge Parish-Louisiana,down
East Carroll Parish-Louisiana,no change
Eaton County-Michigan,down
Eau Claire County-Wisconsin,down
Echols County-Georgia,down
Ector County-Texas,up
Eddy County-New Mexico,down
Edgar County-Illinois,down
Edgefield County-South Carolina,up
Edmonson County-Kentucky,up
Edwards County-Illinois,down
Edwards County-Kansas,up
Edwards County-Texas,no change
Effingham County-Georgia,up
Effingham County-Illinois,down
El Dorado County-California,down
El Paso County-Colorado,down
El Paso County-Texas,down
Elbert County-Colorado,up
Elbert County-Georgia,down
Elk County-Kansas,down
Elk County-Pennsylvania,down
Elkhart County-Indiana,up
Elko County-Nevada,up
Elliott County-Kentucky,down
Ellis County-Kansas,down
Ellis County-Oklahoma,up
Ellis County-Texas,up
Ellsworth County-Kansas,down
Elmore County-Alabama,down
Elmore County-Idaho,up
Emanuel County-Georgia,down
Emery County-Utah,up
Emmet County-Iowa,down
Emmet County-Michigan,down
Emporia city-Virginia,down
Erath County-Texas,down
Erie County-Ohio,down
Erie County-Pennsylvania,down
Escambia County-Alabama,up
Escambia County-Florida,up
Esmeralda County-Nevada,no change
Essex County-Massachusetts,down
Essex County-New Jersey,up
Essex County-Vermont,up
Essex County-Virginia,down
Estill County-Kentucky,down
Etowah County-Alabama,up
Eureka County-Nevada,no change
Evans County-Georgia,down
Fairfax County-Virginia,up
Fairfield County-Connecticut,up
Fairfield County-Ohio,down
Fairfield County-South Carolina,up
Fallon County-Montana,up
Falls County-Texas,down
Fannin County-Georgia,up
Faribault County-Minnesota,down
Fauquier County-Virginia,down
Fayette County-Alabama,up
Fayette County-Georgia,down
Fayette County-Illinois,down
Fayette County-Indiana,up
Fayette County-Iowa,up
Fayette County-Kentucky,up
Fayette County-Ohio,up
Fayette County-Pennsylvania,down
Fayette County-Tennessee,down
Fayette County-West Virginia,down
Fentress County-Tennessee,up
Fergus County-Montana,down
Ferry County-Washington,down
Fillmore County-Minnesota,down
Fillmore County-Nebraska,up
Finney County-Kansas,down
Fisher County-Texas,up
Flathead County-Montana,up
Fleming County-Kentucky,up
Florence County-South Carolina,up
Florence County-Wisconsin,up
Floyd County-Georgia,down
Floyd County-Indiana,down
Floyd County-Iowa,up
Floyd County-Kentucky,down
Floyd County-Texas,no change
Floyd County-Virginia,up
Fluvanna County-Virginia,down
Foard County-Texas,down
Fond du Lac County-Wisconsin,up
Ford County-Illinois,down
Ford County-Kansas,down
Forest County-Pennsylvania,down
Forest County-Wisconsin,down
Forrest County-Mississippi,down
Forsyth County-Georgia,down
Forsyth County-North Carolina,down
Fort Bend County-Texas,down
Fountain County-Indiana,up
Franklin County-Alabama,up
Franklin County-Florida,up
Franklin County-Georgia,up
Franklin County-Idaho,down
Franklin County-Illinois,down
Franklin County-Indiana,down
Franklin County-Iowa,down
Franklin County-Kansas,up
Franklin County-Kentucky,down
Franklin County-Maine,down
Franklin County-Massachusetts,down
Franklin County-Mississippi,down
Franklin County-Missouri,down
Franklin County-Nebraska,down
Franklin County-North Carolina,down
Franklin County-Ohio,down
Franklin County-Pennsylvania,down
Franklin County-Tennessee,up
Franklin County-Texas,down
Franklin County-Vermont,up
Franklin County-Virginia,down
Franklin County-Washington,down
Franklin city-Virginia,up
Frederick County-Virginia,down
Fredericksburg city-Virginia,down
Freeborn County-Minnesota,down
Freestone County-Texas,down
Fremont County-Colorado,up
Fremont County-Idaho,down
Fremont County-Iowa,down
Fremont County-Wyoming,up
Fresno County-California,down
Frio County-Texas,down
Frontier County-Nebraska,up
Fulton County-Georgia,down
Fulton County-Illinois,up
Fulton County-Indiana,down
Fulton County-Kentucky,down
Fulton County-New York,down
Fulton County-Ohio,down
Fulton County-Pennsylvania,down
Furnas County-Nebraska,up
Gadsden County-Florida,up
Gage County-Nebraska,down
Galax city-Virginia,down
Gallatin County-Illinois,down
Gallatin County-Kentucky,up
Gallatin County-Montana,up
Gallia County-Ohio,down
Galveston County-Texas,down
Garden County-Nebraska,up
Garfield County-Colorado,down
Garfield County-Montana,no change
Garfield County-Nebraska,up
Garfield County-Oklahoma,up
Garfield County-Utah,down
Garfield County-Washington,down
Garrard County-Kentucky,up
Garrett County-Maryland,down
Garza County-Texas,no change
Gasconade County-Missouri,down
Gaston County-North Carolina,up
Gates County-North Carolina,up
Geary County-Kansas,up
Geauga County-Ohio,up
Gem County-Idaho,down
Genesee County-Michigan,down
Genesee County-New York,down
Geneva County-Alabama,up
Gentry County-Missouri,down
George County-Mississippi,no change
Georgetown County-South Carolina,up
Gibson County-Indiana,down
Gibson County-Tennessee,down
Gilchrist County-Florida,up
Giles County-Virginia,up
Gillespie County-Texas,up
Gilliam County-Oregon,no change
Gilmer County-Georgia,up
Gilmer County-West Virginia,up
Gilpin County-Colorado,up
Glacier County-Montana,up
Glades County-Florida,up
Gladwin County-Michigan,down
Glascock County-Georgia,up
Glasscock County-Texas,no change
Glenn County-California,down
Gloucester County-New Jersey,down
Gloucester County-Virginia,down
Glynn County-Georgia,down
Gogebic County-Michigan,down
Golden Valley County-Montana,up
Goliad County-Texas,down
Gonzales County-Texas,up
Goochland County-Virginia,down
Goodhue County-Minnesota,down
Gooding County-Idaho,up
Gordon County-Georgia,up
Goshen County-Wyoming,up
Gosper County-Nebraska,up
Gove County-Kansas,down
Grady County-Oklahoma,up
Graham County-Kansas,up
Graham County-North Carolina,up
Grainger County-Tennessee,down
Grand County-Utah,up
Grand Isle County-Vermont,down
Grand Traverse County-Michigan,down
Granite County-Montana,down
Grant County-Indiana,up
Grant County-Kansas,down
Grant County-Kentucky,up
Grant County-Minnesota,up
Grant County-Nebraska,no change
Grant County-New Mexico,down
Grant County-Oklahoma,up
Grant County-Oregon,down
Grant County-West Virginia,up
Grant County-Wisconsin,up
Granville County-North Carolina,up
Gratiot County-Michigan,down
Gray County-Kansas,down
Gray County-Texas,down
Grays Harbor County-Washington,up
Grayson County-Kentucky,up
Grayson County-Texas,up
Grayson County-Virginia,down
Greeley County-Kansas,down
Greeley County-Nebraska,no change
Green County-Kentucky,up
Green County-Wisconsin,down
Green Lake County-Wisconsin,up
Greenbrier County-West Virginia,down
Greene County-Alabama,down
Greene County-Georgia,down
Greene County-Illinois,up
Greene County-Indiana,down
Greene County-Iowa,down
Greene County-Mississippi,no change
Greene County-Missouri,down
Greene County-Ohio,up
Greene County-Pennsylvania,down
Greene County-Tennessee,down
Greene County-Virginia,down
Greenlee County-Arizona,down
Greensville County-Virginia,down
Greenville County-South Carolina,down
Greenwood County-Kansas,down
Greenwood County-South Carolina,up
Greer County-Oklahoma,down
Gregg County-Texas,down
Grenada County-Mississippi,up
Grimes County-Texas,up
Grundy County-Illinois,down
Grundy County-Iowa,up
Grundy County-Missouri,down
Grundy County-Tennessee,down
Guadalupe County-New Mexico,down
Guadalupe County-Texas,down
Guernsey County-Ohio,down
Guilford County-North Carolina,up
Gulf County-Florida,no change
Gunnison County-Colorado,down
Guthrie County-Iowa,down
Gwinnett County-Georgia,down
Habersham County-Georgia,up
Hale County-Alabama,up
Hale County-Texas,up
Halifax County-North Carolina,up
Halifax County-Virginia,up
Hall County-Nebraska,down
Hall County-Texas,up
Hamblen County-Tennessee,down
Hamilton County-Florida,down
Hamilton County-Illinois,down
Hamilton County-Indiana,up
Hamilton County-Iowa,up
Hamilton County-Kansas,down
Hamilton County-Nebraska,down
Hamilton County-New York,no change
Hamilton County-Ohio,down
Hamilton County-Tennessee,down
Hamilton County-Texas,up
Hampden County-Massachusetts,down
Hampshire County-Massachusetts,down
Hampshire County-West Virginia,up
Hampton County-South Carolina,up
Hampton city-Virginia,up
Hancock County-Georgia,up
Hancock County-Indiana,down
Hancock County-Iowa,up
Hancock County-Kentucky,down
Hancock County-Maine,up
Hancock County-Ohio,up
Hancock County-Tennessee,down
Hancock County-West Virginia,up
Hanover County-Virginia,down
Hansford County-Texas,no change
Haralson County-Georgia,down
Hardee County-Florida,up
Hardeman County-Tennessee,down
Hardeman County-Texas,no change
Hardin County-Illinois,up
Hardin County-Iowa,up
Hardin County-Kentucky,down
Hardin County-Ohio,down
Hardin County-Tennessee,down
Hardin County-Texas,up
Harding County-New Mexico,no change
Hardy County-West Virginia,up
Harford County-Maryland,no change
Harlan County-Kentucky,up
Harlan County-Nebraska,up
Harmon County-Oklahoma,up
Harnett County-North Carolina,down
Harney County-Oregon,down
Harper County-Kansas,up
Harper County-Oklahoma,down
Harris County-Texas,down
Harrison County-Indiana,down
Harrison County-Iowa,down
Harrison County-Kentucky,up
Harrison County-Mississippi,up
Harrison County-Missouri,up
Harrison County-Ohio,down
Harrison County-Texas,up
Harrison County-West Virginia,down
Hart County-Georgia,down
Hart County-Kentucky,down
Hartford County-Connecticut,up
Hartley County-Texas,down
Harvey County-Kansas,down
Haskell County-Kansas,down
Haskell County-Oklahoma,down
Haskell County-Texas,up
Hawaii County-Hawaii,up
Hawkins County-Tennessee,down
Hayes County-Nebraska,down
Hays County-Texas,up
Haywood County-North Carolina,up
Haywood County-Tennessee,down
Heard County-Georgia,up
Hemphill County-Texas,up
Henderson County-Illinois,down
Henderson County-Kentucky,down
Henderson County-North Carolina,down
Henderson County-Tennessee,up
Henderson County-Texas,down
Hendry County-Florida,down
Hennepin County-Minnesota,down
Henrico County-Virginia,down
Henry County-Alabama,down
Henry County-Georgia,down
Henry County-Illinois,down
Henry County-Indiana,down
Henry County-Iowa,up
Henry County-Kentucky,up
Henry County-Missouri,down
Henry County-Ohio,up
Henry County-Tennessee,down
Henry County-Virginia,up
Hernando County-Florida,down
Hertford County-North Carolina,up
Hickman County-Kentucky,no change
Hickman County-Tennessee,down
Hickory County-Missouri,down
Hidalgo County-New Mexico,down
Hidalgo County-Texas,up
Highland County-Ohio,down
Highland County-Virginia,up
Highlands County-Florida,up
Hill County-Montana,up
Hill County-Texas,down
Hillsborough County-Florida,up
Hillsdale County-Michigan,down
Hinds County-Mississippi,down
Hinsdale County-Colorado,up
Hitchcock County-Nebraska,up
Hocking County-Ohio,down
Hodgeman County-Kansas,down
Hoke County-North Carolina,up
Holmes County-Ohio,down
Holt County-Missouri,down
Holt County-Nebraska,down
Honolulu County-Hawaii,down
Hood County-Texas,down
Hood River County-Oregon,down
Hooker County-Nebraska,no change
Hopewell city-Virginia,up
Hopkins County-Kentucky,down
Horry County-South Carolina,down
Hot Springs County-Wyoming,up
Houghton County-Michigan,down
Houston County-Alabama,down
Houston County-Georgia,down
Houston County-Minnesota,down
Houston County-Tennessee,no change
Houston County-Texas,up
Howard County-Indiana,up
Howard County-Iowa,up
Howard County-Missouri,up
Howard County-Nebraska,up
Howard County-Texas,up
Howell County-Missouri,down
Hubbard County-Minnesota,up
Hudson County-New Jersey,down
Hudspeth County-Texas,no change
Huerfano County-Colorado,up
Hughes County-Oklahoma,up
Humboldt County-Iowa,up
Humboldt County-Nevada,up
Humphreys County-Tennessee,up
Hunt County-Texas,up
Hunterdon County-New Jersey,down
Huntingdon County-Pennsylvania,down
Huntington County-Indiana,up
Huron County-Michigan,down
Huron County-Ohio,down
Hutchinson County-Texas,down
Hyde County-North Carolina,up
Ida County-Iowa,down
Indian River County-Florida,down
Indiana County-Pennsylvania,down
Ingham County-Michigan,down
Inyo County-California,up
Ionia County-Michigan,down
Iosco County-Michigan,down
Iowa County-Iowa,up
Iowa County-Wisconsin,up
Irion County-Texas,up
Iron County-Michigan,down
Iron County-Missouri,up
Iron County-Utah,up
Iron County-Wisconsin,down
Iroquois County-Illinois,up
Irwin County-Georgia,no change
Isabella County-Michigan,down
Isanti County-Minnesota,down
Island County-Washington,up
Isle of Wight County-Virginia,up
Issaquena County-Mississippi,down
Itawamba County-Mississippi,down
Jack County-Texas,down
Jackson County-Alabama,up
Jackson County-Colorado,no change
Jackson County-Georgia,up
Jackson County-Illinois,down
Jackson County-Iowa,down
Jackson County-Kansas,down
Jackson County-Michigan,down
Jackson County-Minnesota,up
Jackson County-Mississippi,down
Jackson County-Missouri,down
Jackson County-North Carolina,up
Jackson County-Ohio,down
Jackson County-Oklahoma,down
Jackson County-Oregon,down
Jackson County-Tennessee,up
Jackson County-West Virginia,down
Jackson County-Wisconsin,up
Jasper County-Georgia,down
Jasper County-Illinois,up
Jasper County-Indiana,down
Jasper County-Iowa,up
Jasper County-Mississippi,down
Jasper County-Missouri,down
Jasper County-South Carolina,up
Jasper County-Texas,down
Jay County-Indiana,up
Jeff Davis County-Georgia,down
Jeff Davis County-Texas,no change
Jefferson County-Alabama,down
Jefferson County-Colorado,down
Jefferson County-Florida,up
Jefferson County-Georgia,up
Jefferson County-Idaho,down
Jefferson County-Illinois,down
Jefferson County-Indiana,up
Jefferson County-Iowa,up
Jefferson County-Kansas,down
Jefferson County-Kentucky,down
Jefferson County-Mississippi,down
Jefferson County-Missouri,down
Jefferson County-Montana,up
Jefferson County-Nebraska,down
Jefferson County-New York,up
Jefferson County-Ohio,up
Jefferson County-Oklahoma,up
Jefferson County-Oregon,down
Jefferson County-Pennsylvania,down
Jefferson County-Washington,up
Jefferson County-West Virginia,down
Jefferson County-Wisconsin,down
Jefferson Davis County-Mississippi,up
Jefferson Parish-Louisiana,down
Jenkins County-Georgia,down
Jennings County-Indiana,down
Jerome County-Idaho,down
Jersey County-Illinois,up
Jewell County-Kansas,down
Jim Hogg County-Texas,no change
Jim Wells County-Texas,up
Jo Daviess County-Illinois,down
Johnson County-Georgia,up
Johnson County-Illinois,down
Johnson County-Indiana,down
Johnson County-Iowa,down
Johnson County-Kansas,down
Johnson County-Kentucky,up
Johnson County-Missouri,down
Johnson County-Nebraska,down
Johnson County-Tennessee,down
Johnson County-Texas,down
Johnson County-Wyoming,up
Johnston County-North Carolina,up
Johnston County-Oklahoma,up
Jones County-Georgia,down
Jones County-Iowa,up
Jones County-Mississippi,down
Jones County-North Carolina,down
Jones County-Texas,down
Josephine County-Oregon,down
Juab County-Utah,up
Judith Basin County-Montana,down
Juneau County-Wisconsin,down
Juniata County-Pennsylvania,down
Kalamazoo County-Michigan,down
Kalawao County-Hawaii,no change
Kalkaska County-Michigan,down
Kanabec County-Minnesota,down
Kanawha County-West Virginia,down
Kandiyohi County-Minnesota,up
Kane County-Illinois,down
Kane County-Utah,down
Kankakee County-Illinois,up
Kaufman County-Texas,up
Kay County-Oklahoma,down
Kearney County-Nebraska,down
Kearny County-Kansas,down
Keith County-Nebraska,up
Kemper County-Mississippi,up
Kendall County-Illinois,down
Kendall County-Texas,down
Kenedy County-Texas,no change
Kennebec County-Maine,up
Kenosha County-Wisconsin,down
Kent County-Delaware,down
Kent County-Michigan,down
Kent County-Rhode Island,down
Kent County-Texas,no change
Keokuk County-Iowa,up
Kern County-California,down
Kerr County-Texas,up
Kershaw County-South Carolina,up
Kewaunee County-Wisconsin,down
Keweenaw County-Michigan,no change
Keya Paha County-Nebraska,up
Kimball County-Nebraska,up
Kimble County-Texas,down
King County-Texas,no change
King County-Washington,down
King George County-Virginia,down
King William County-Virginia,up
King and Queen County-Virginia,up
Kingfisher County-Oklahoma,down
Kingman County-Kansas,down
Kings County-California,down
Kings County-New York,up
Kinney County-Texas,no change
Kiowa County-Colorado,up
Kiowa County-Kansas,down
Kiowa County-Oklahoma,down
Kit Carson County-Colorado,up
Kitsap County-Washington,up
Kittson County-Minnesota,down
Klamath County-Oregon,down
Kleberg County-Texas,up
Klickitat County-Washington,down
Knott County-Kentucky,down
Knox County-Illinois,down
Knox County-Indiana,down
Knox County-Kentucky,down
Knox County-Maine,up
Knox County-Missouri,down
Knox County-Nebraska,up
Knox County-Ohio,down
Knox County-Tennessee,down
Knox County-Texas,no change
Kootenai County-Idaho,down
Kosciusko County-Indiana,down
Kossuth County-Iowa,down
La Crosse County-Wisconsin,up
La Paz County-Arizona,down
La Plata County-Colorado,up
La Salle County-Texas,down
LaGrange County-Indiana,up
LaPorte County-Indiana,down
LaSalle County-Illinois,up
LaSalle Parish-Louisiana,no change
Labette County-Kansas,down
Lac qui Parle County-Minnesota,no change
Lackawanna County-Pennsylvania,down
Laclede County-Missouri,up
Lafayette County-Florida,down
Lafayette County-Mississippi,up
Lafayette County-Missouri,down
Lafayette County-Wisconsin,down
Lafayette Parish-Louisiana,up
Lafourche Parish-Louisiana,down
Lake County-California,up
Lake County-Colorado,down
Lake County-Florida,down
Lake County-Illinois,down
Lake County-Indiana,down
Lake County-Michigan,down
Lake County-Minnesota,up
Lake County-Ohio,up
Lake County-Oregon,up
Lake County-Tennessee,down
Lake of the Woods County-Minnesota,down
Lamar County-Alabama,down
Lamar County-Georgia,up
Lamar County-Mississippi,down
Lamar County-Texas,down
Lamb County-Texas,no change
Lamoille County-Vermont,up
Lampasas County-Texas,down
Lancaster County-Nebraska,down
Lancaster County-Pennsylvania,down
Lancaster County-South Carolina,up
Lancaster County-Virginia,up
Lander County-Nevada,up
Lane County-Kansas,down
Lane County-Oregon,down
Langlade County-Wisconsin,down
Lanier County-Georgia,no change
Lapeer County-Michigan,down
Larimer County-Colorado,down
Larue County-Kentucky,down
Las Animas County-Colorado,down
Lassen County-California,down
Latah County-Idaho,up
Latimer County-Oklahoma,down
Lauderdale County-Alabama,up
Lauderdale County-Mississippi,down
Lauderdale County-Tennessee,down
Laurel County-Kentucky,up
Laurens County-Georgia,up
Laurens County-South Carolina,up
Lawrence County-Alabama,down
Lawrence County-Illinois,down
Lawrence County-Indiana,down
Lawrence County-Kentucky,up
Lawrence County-Mississippi,up
Lawrence County-Missouri,up
Lawrence County-Ohio,down
Lawrence County-Pennsylvania,down
Le Flore County-Oklahoma,down
Le Sueur County-Minnesota,down
Lea County-New Mexico,down
Leake County-Mississippi,up
Leavenworth County-Kansas,up
Lebanon County-Pennsylvania,down
Lee County-Alabama,up
Lee County-Florida,down
Lee County-Georgia,up
Lee County-Illinois,down
Lee County-Iowa,up
Lee County-Kentucky,down
Lee County-Mississippi,up
Lee County-North Carolina,up
Lee County-South Carolina,down
Lee County-Texas,down
Lee County-Virginia,down
Leelanau County-Michigan,up
Leflore County-Mississippi,down
Lehigh County-Pennsylvania,down
Lemhi County-Idaho,down
Lenawee County-Michigan,down
Lenoir County-North Carolina,up
Leon County-Florida,up
Leon County-Texas,down
Leslie County-Kentucky,down
Letcher County-Kentucky,up
Levy County-Florida,up
Lewis County-Idaho,no change
Lewis County-Kentucky,up
Lewis County-Missouri,down
Lewis County-Tennessee,down
Lewis County-Washington,down
Lewis County-West Virginia,down
Lewis and Clark County-Montana,up
Lexington County-South Carolina,up
Lexington city-Virginia,down
Liberty County-Florida,down
Liberty County-Georgia,down
Liberty County-Montana,down
Licking County-Ohio,up
Limestone County-Alabama,up
Limestone County-Texas,down
Lincoln County-Colorado,up
Lincoln County-Georgia,down
Lincoln County-Idaho,down
Lincoln County-Kansas,up
Lincoln County-Kentucky,up
Lincoln County-Maine,up
Lincoln County-Minnesota,down
Lincoln County-Mississippi,up
Lincoln County-Missouri,down
Lincoln County-Montana,down
Lincoln County-Nevada,down
Lincoln County-New Mexico,down
Lincoln County-North Carolina,down
Lincoln County-Oklahoma,down
Lincoln County-Oregon,down
Lincoln County-Washington,down
Lincoln County-West Virginia,down
Lincoln County-Wisconsin,up
Lincoln Parish-Louisiana,up
Linn County-Iowa,down
Linn County-Kansas,up
Linn County-Missouri,down
Linn County-Oregon,down
Lipscomb County-Texas,no change
Live Oak County-Texas,down
Livingston County-Illinois,down
Livingston County-Kentucky,up
Livingston County-Michigan,down
Livingston County-Missouri,down
Llano County-Texas,down
Logan County-Colorado,up
Logan County-Illinois,down
Logan County-Kansas,down
Logan County-Kentucky,down
Logan County-Nebraska,no change
Logan County-Ohio,down
Logan County-Oklahoma,up
Logan County-West Virginia,down
Long County-Georgia,up
Lorain County-Ohio,down
Los Angeles County-California,down
Loudoun County-Virginia,down
Louisa County-Iowa,up
Louisa County-Virginia,up
Loup County-Nebraska,up
Love County-Oklahoma,up
Loving County-Texas,no change
Lowndes County-Alabama,down
Lowndes County-Mississippi,up
Lubbock County-Texas,down
Lucas County-Iowa,up
Lucas County-Ohio,up
Luce County-Michigan,down
Lumpkin County-Georgia,down
Luna County-New Mexico,up
Lunenburg County-Virginia,up
Luzerne County-Pennsylvania,down
Lycoming County-Pennsylvania,down
Lynn County-Texas,no change
Lyon County-Iowa,up
Lyon County-Kansas,up
Lyon County-Kentucky,down
Lyon County-Minnesota,up
Lyon County-Nevada,up
Mackinac County-Michigan,down
Macomb County-Michigan,down
Macon County-Alabama,up
Macon County-Georgia,down
Macon County-Illinois,down
Macon County-Missouri,down
Macon County-North Carolina,up
Macon County-Tennessee,up
Macoupin County-Illinois,down
Madera County-California,down
Madison County-Alabama,down
Madison County-Florida,down
Madison County-Georgia,up
Madison County-Idaho,down
Madison County-Illinois,up
Madison County-Indiana,down
Madison County-Iowa,up
Madison County-Kentucky,up
Madison County-Mississippi,down
Madison County-Missouri,down
Madison County-Montana,down
Madison County-Nebraska,up
Madison County-New York,down
Madison County-North Carolina,up
Madison County-Ohio,down
Madison County-Tennessee,down
Madison County-Texas,up
Madison County-Virginia,down
Madison Parish-Louisiana,no change
Magoffin County-Kentucky,up
Mahaska County-Iowa,up
Mahnomen County-Minnesota,up
Mahoning County-Ohio,down
Major County-Oklahoma,down
Manassas Park city-Virginia,down
Manatee County-Florida,down
Manistee County-Michigan,down
Manitowoc County-Wisconsin,down
Marathon County-Wisconsin,down
Marengo County-Alabama,down
Maries County-Missouri,down
Marinette County-Wisconsin,up
Marion County-Alabama,up
Marion County-Florida,up
Marion County-Georgia,down
Marion County-Illinois,up
Marion County-Indiana,down
Marion County-Iowa,up
Marion County-Kansas,up
Marion County-Kentucky,up
Marion County-Mississippi,up
Marion County-Missouri,down
Marion County-Ohio,down
Marion County-Oregon,down
Marion County-South Carolina,up
Marion County-Tennessee,up
Marion County-Texas,down
Marion County-West Virginia,up
Mariposa County-California,down
Marlboro County-South Carolina,up
Marquette County-Michigan,up
Marquette County-Wisconsin,down
Marshall County-Alabama,up
Marshall County-Illinois,down
Marshall County-Indiana,down
Marshall County-Iowa,up
Marshall County-Kansas,down
Marshall County-Kentucky,down
Marshall County-Minnesota,up
Marshall County-Mississippi,up
Marshall County-Oklahoma,up
Marshall County-Tennessee,up
Marshall County-West Virginia,down
Martin County-Florida,down
Martin County-Indiana,down
Martin County-Kentucky,up
Martin County-Minnesota,down
Martin County-North Carolina,down
Martin County-Texas,up
Martinsville city-Virginia,down
Mason County-Illinois,up
Mason County-Kentucky,up
Mason County-Michigan,down
Mason County-Texas,up
Mason County-West Virginia,down
Matagorda County-Texas,down
Mathews County-Virginia,down
Maui County-Hawaii,up
Maverick County-Texas,down
Mayes County-Oklahoma,down
McClain County-Oklahoma,down
McCone County-Montana,no change
McCormick County-South Carolina,up
McCracken County-Kentucky,down
McCreary County-Kentucky,up
McCulloch County-Texas,up
McCurtain County-Oklahoma,down
McDonald County-Missouri,down
McDonough County-Illinois,up
McDowell County-North Carolina,up
McDowell County-West Virginia,down
McDuffie County-Georgia,up
McHenry County-Illinois,down
McIntosh County-Georgia,up
McIntosh County-Oklahoma,down
McKean County-Pennsylvania,down
McLean County-Illinois,up
McLean County-Kentucky,up
McLennan County-Texas,up
McLeod County-Minnesota,down
McMinn County-Tennessee,up
McMullen County-Texas,no change
McNairy County-Tennessee,down
McPherson County-Kansas,up
McPherson County-Nebraska,no change
Meade County-Kansas,down
Meagher County-Montana,up
Mecklenburg County-North Carolina,down
Mecklenburg County-Virginia,down
Mecosta County-Michigan,down
Medina County-Ohio,up
Medina County-Texas,down
Meeker County-Minnesota,down
Meigs County-Ohio,down
Meigs County-Tennessee,down
Menard County-Illinois,down
Menard County-Texas,down
Mendocino County-California,down
Menifee County-Kentucky,no change
Menominee County-Michigan,down
Menominee County-Wisconsin,down
Merced County-California,up
Mercer County-Illinois,down
Mercer County-Missouri,down
Mercer County-New Jersey,down
Mercer County-Ohio,down
Mercer County-Pennsylvania,down
Mercer County-West Virginia,down
Merrick County-Nebraska,up
Merrimack County-New Hampshire,up
Mesa County-Colorado,down
Metcalfe County-Kentucky,up
Miami County-Indiana,up
Miami County-Kansas,down
Miami County-Ohio,down
Miami-Dade County-Florida,down
Middlesex County-Connecticut,up
Middlesex County-Massachusetts,down
Middlesex County-New Jersey,down
Middlesex County-Virginia,up
Midland County-Michigan,down
Midland County-Texas,up
Mifflin County-Pennsylvania,down
Milam County-Texas,down
Millard County-Utah,up
Mille Lacs County-Minnesota,down
Miller County-Georgia,no change
Miller County-Missouri,down
Mills County-Iowa,down
Mills County-Texas,down
Milwaukee County-Wisconsin,down
Mineral County-Colorado,no change
Mineral County-Montana,up
Mineral County-Nevada,down
Mineral County-West Virginia,down
Mingo County-West Virginia,down
Minidoka County-Idaho,down
Missaukee County-Michigan,down
Mississippi County-Missouri,down
Missoula County-Montana,up
Mitchell County-Iowa,up
Mitchell County-Kansas,down
Mitchell County-North Carolina,up
Mitchell County-Texas,up
Mobile County-Alabama,up
Moffat County-Colorado,up
Moniteau County-Missouri,down
Monmouth County-New Jersey,down
Mono County-California,no change
Monona County-Iowa,down
Monongalia County-West Virginia,up
Monroe County-Alabama,down
Monroe County-Florida,down
Monroe County-Illinois,down
Monroe County-Indiana,down
Monroe County-Iowa,up
Monroe County-Kentucky,down
Monroe County-Michigan,down
Monroe County-Mississippi,up
Monroe County-Missouri,down
Monroe County-Pennsylvania,down
Monroe County-West Virginia,down
Monroe County-Wisconsin,down
Montcalm County-Michigan,down
Monterey County-California,down
Montezuma County-Colorado,up
Montgomery County-Alabama,up
Montgomery County-Georgia,down
Montgomery County-Illinois,down
Montgomery County-Indiana,down
Montgomery County-Iowa,up
Montgomery County-Kansas,up
Montgomery County-Mississippi,down
Montgomery County-Missouri,up
Montgomery County-New York,up
Montgomery County-North Carolina,up
Montgomery County-Ohio,down
Montgomery County-Pennsylvania,down
Montgomery County-Tennessee,down
Montgomery County-Texas,down
Montgomery County-Virginia,up
Montmorency County-Michigan,down
Montour County-Pennsylvania,down
Montrose County-Colorado,down
Moore County-North Carolina,up
Moore County-Tennessee,up
Moore County-Texas,down
Mora County-New Mexico,up
Morehouse Parish-Louisiana,up
Morgan County-Alabama,up
Morgan County-Colorado,down
Morgan County-Georgia,down
Morgan County-Illinois,up
Morgan County-Indiana,down
Morgan County-Kentucky,up
Morgan County-Missouri,down
Morgan County-Ohio,down
Morgan County-Tennessee,up
Morgan County-Utah,up
Morgan County-West Virginia,down
Morrill County-Nebraska,up
Morris County-Kansas,down
Morris County-New Jersey,down
Morris County-Texas,up
Morrison County-Minnesota,down
Morrow County-Ohio,down
Morrow County-Oregon,down
Morton County-Kansas,down
Motley County-Texas,no change
Moultrie County-Illinois,down
Mower County-Minnesota,down
Muhlenberg County-Kentucky,down
Multnomah County-Oregon,down
Murray County-Georgia,up
Murray County-Minnesota,down
Murray County-Oklahoma,down
Muscatine County-Iowa,down
Muskegon County-Michigan,down
Muskingum County-Ohio,up
Muskogee County-Oklahoma,up
Musselshell County-Montana,up
Nacogdoches County-Texas,up
Nance County-Nebraska,down
Nantucket County-Massachusetts,down
Napa County-California,down
Nassau County-Florida,up
Natchitoches Parish-Louisiana,down
Natrona County-Wyoming,up
Navajo County-Arizona,down
Nelson County-Virginia,down
Nemaha County-Kansas,up
Nemaha County-Nebraska,down
Neosho County-Kansas,up
Neshoba County-Mississippi,down
Ness County-Kansas,down
New Castle County-Delaware,down
New Hanover County-North Carolina,up
New Haven County-Connecticut,up
New Kent County-Virginia,down
New London County-Connecticut,up
New Madrid County-Missouri,up
Newaygo County-Michigan,down
Newberry County-South Carolina,down
Newport County-Rhode Island,down
Newport News city-Virginia,down
Newton County-Georgia,down
Newton County-Indiana,up
Newton County-Mississippi,down
Newton County-Missouri,down
Newton County-Texas,up
Nez Perce County-Idaho,down
Niagara County-New York,up
Nicholas County-Kentucky,up
Nicholas County-West Virginia,down
Nicollet County-Minnesota,down
Niobrara County-Wyoming,no change
Noble County-Indiana,down
Noble County-Ohio,up
Noble County-Oklahoma,up
Nobles County-Minnesota,up
Nodaway County-Missouri,down
Nolan County-Texas,down
Norfolk County-Massachusetts,up
Norfolk city-Virginia,up
Norman County-Minnesota,up
Northampton County-North Carolina,up
Northampton County-Pennsylvania,down
Northampton County-Virginia,up
Northumberland County-Pennsylvania,down
Northumberland County-Virginia,down
Norton County-Kansas,up
Norton city-Virginia,down
Nottoway County-Virginia,down
Nowata County-Oklahoma,down
Noxubee County-Mississippi,down
Nuckolls County-Nebraska,up
Nueces County-Texas,down
Nye County-Nevada,down
O'Brien County-Iowa,up
Oakland County-Michigan,down
Obion County-Tennessee,down
Ocean County-New Jersey,down
Oceana County-Michigan,down
Ochiltree County-Texas,down
Oconee County-Georgia,down
Oconee County-South Carolina,up
Oconto County-Wisconsin,up
Ogemaw County-Michigan,down
Ogle County-Illinois,down
Oglethorpe County-Georgia,up
Ohio County-Indiana,down
Ohio County-Kentucky,down
Ohio County-West Virginia,up
Okaloosa County-Florida,up
Okanogan County-Washington,down
Okfuskee County-Oklahoma,down
Oklahoma County-Oklahoma,up
Okmulgee County-Oklahoma,up
Oktibbeha County-Mississippi,up
Oldham County-Texas,down
Olmsted County-Minnesota,down
Oneida County-Idaho,down
Oneida County-Wisconsin,up
Onondaga County-New York,up
Onslow County-North Carolina,up
Ontario County-New York,down
Ontonagon County-Michigan,down
Orange County-California,down
Orange County-Florida,down
Orange County-Indiana,down
Orange County-New York,up
Orange County-North Carolina,down
Orange County-Texas,down
Orange County-Vermont,up
Orange County-Virginia,down
Orangeburg County-South Carolina,down
Oregon County-Missouri,down
Orleans County-Vermont,up
Orleans Parish-Louisiana,down
Osage County-Kansas,up
Osage County-Missouri,down
Osage County-Oklahoma,up
Osborne County-Kansas,down
Osceola County-Florida,down
Osceola County-Iowa,up
Osceola County-Michigan,down
Oscoda County-Michigan,down
Oswego County-New York,up
Otero County-Colorado,up
Otero County-New Mexico,down
Otoe County-Nebraska,down
Otsego County-Michigan,down
Otsego County-New York,up
Ottawa County-Kansas,up
Ottawa County-Michigan,down
Ottawa County-Ohio,down
Ottawa County-Oklahoma,up
Otter Tail County-Minnesota,up
Ouachita Parish-Louisiana,down
Ouray County-Colorado,up
Outagamie County-Wisconsin,down
Overton County-Tennessee,down
Owen County-Indiana,down
Owen County-Kentucky,up
Owsley County-Kentucky,down
Owyhee County-Idaho,down
Oxford County-Maine,up
Ozark County-Missouri,down
Ozaukee County-Wisconsin,down
Pacific County-Washington,up
Page County-Iowa,up
Page County-Virginia,up
Palm Beach County-Florida,up
Palo Alto County-Iowa,up
Pamlico County-North Carolina,up
Panola County-Mississippi,up
Panola County-Texas,down
Park County-Colorado,down
Park County-Montana,up
Parke County-Indiana,down
Parker County-Texas,up
Parmer County-Texas,down
Pasco County-Florida,up
Passaic County-New Jersey,no change
Patrick County-Virginia,up
Paulding County-Georgia,down
Paulding County-Ohio,up
Pawnee County-Kansas,down
Pawnee County-Nebraska,down
Pawnee County-Oklahoma,up
Payette County-Idaho,down
Payne County-Oklahoma,up
Peach County-Georgia,up
Pearl River County-Mississippi,up
Pemiscot County-Missouri,down
Pend Oreille County-Washington,down
Pender County-North Carolina,up
Pendleton County-Kentucky,up
Pendleton County-West Virginia,down
Pennington County-Minnesota,up
Penobscot County-Maine,down
Peoria County-Illinois,down
Pepin County-Wisconsin,down
Perkins County-Nebraska,no change
Perquimans County-North Carolina,up
Perry County-Alabama,down
Perry County-Illinois,down
Perry County-Indiana,down
Perry County-Mississippi,up
Perry County-Missouri,up
Perry County-Ohio,up
Perry County-Pennsylvania,down
Perry County-Tennessee,down
Pershing County-Nevada,down
Petersburg city-Virginia,up
Petroleum County-Montana,up
Pettis County-Missouri,down
Phelps County-Missouri,up
Phelps County-Nebraska,up
Philadelphia County-Pennsylvania,down
Phillips County-Colorado,up
Phillips County-Kansas,up
Phillips County-Montana,down
Piatt County-Illinois,down
Pickaway County-Ohio,down
Pickens County-Alabama,down
Pickens County-Georgia,up
Pickens County-South Carolina,down
Pickett County-Tennessee,up
Pierce County-Georgia,down
Pierce County-Nebraska,down
Pierce County-Washington,down
Pierce County-Wisconsin,down
Pike County-Alabama,up
Pike County-Georgia,down
Pike County-Illinois,up
Pike County-Indiana,down
Pike County-Kentucky,down
Pike County-Mississippi,down
Pike County-Missouri,down
Pike County-Ohio,up
Pike County-Pennsylvania,up
Pima County-Arizona,down
Pine County-Minnesota,down
Pinellas County-Florida,down
Pipestone County-Minnesota,up
Piscataquis County-Maine,up
Pitkin County-Colorado,up
Pitt County-North Carolina,down
Pittsburg County-Oklahoma,up
Pittsylvania County-Virginia,up
Piute County-Utah,no change
Placer County-California,down
Platte County-Missouri,down
Platte County-Nebraska,up
Platte County-Wyoming,no change
Pleasants County-West Virginia,down
Plumas County-California,down
Plymouth County-Iowa,up
Plymouth County-Massachusetts,down
Pocahontas County-Iowa,up
Pocahontas County-West Virginia,up
Polk County-Florida,down
Polk County-Georgia,down
Polk County-Iowa,down
Polk County-Minnesota,up
Polk County-Missouri,down
Polk County-Nebraska,down
Polk County-North Carolina,down
Polk County-Oregon,down
Polk County-Tennessee,up
Polk County-Texas,up
Polk County-Wisconsin,down
Pondera County-Montana,up
Pontotoc County-Mississippi,up
Pontotoc County-Oklahoma,up
Pope County-Illinois,down
Pope County-Minnesota,down
Poquoson city-Virginia,up
Portage County-Ohio,down
Portage County-Wisconsin,up
Porter County-Indiana,down
Portsmouth city-Virginia,up
Posey County-Indiana,down
Pottawatomie County-Kansas,down
Pottawatomie County-Oklahoma,up
Pottawattamie County-Iowa,down
Potter County-Pennsylvania,down
Powder River County-Montana,down
Powell County-Kentucky,down
Powell County-Montana,down
Power County-Idaho,up
Poweshiek County-Iowa,up
Powhatan County-Virginia,down
Prairie County-Montana,no change
Pratt County-Kansas,down
Preble County-Ohio,up
Presidio County-Texas,no change
Presque Isle County-Michigan,down
Preston County-West Virginia,down
Price County-Wisconsin,up
Prince Edward County-Virginia,up
Prince George County-Virginia,up
Prince George's County-Maryland,up
Prince William County-Virginia,down
Providence County-Rhode Island,up
Prowers County-Colorado,up
Pueblo County-Colorado,down
Pulaski County-Georgia,up
Pulaski County-Illinois,up
Pulaski County-Indiana,down
Pulaski County-Kentucky,down
Pulaski County-Missouri,up
Pulaski County-Virginia,up
Pushmataha County-Oklahoma,down
Putnam County-Florida,down
Putnam County-Georgia,up
Putnam County-Illinois,down
Putnam County-Indiana,up
Putnam County-Missouri,down
Putnam County-Ohio,up
Putnam County-Tennessee,up
Putnam County-West Virginia,down
Quay County-New Mexico,down
Quitman County-Georgia,no change
Quitman County-Mississippi,down
Rabun County-Georgia,up
Racine County-Wisconsin,down
Radford city-Virginia,down
Rains County-Texas,up
Raleigh County-West Virginia,down
Ralls County-Missouri,down
Ramsey County-Minnesota,down
Randall County-Texas,down
Randolph County-Alabama,up
Randolph County-Georgia,up
Randolph County-Illinois,down
Randolph County-Indiana,down
Randolph County-Missouri,up
Randolph County-North Carolina,up
Randolph County-West Virginia,up
Rankin County-Mississippi,down
Rapides Parish-Louisiana,down
Rappahannock County-Virginia,down
Ravalli County-Montana,down
Rawlins County-Kansas,down
Ray County-Missouri,down
Reagan County-Texas,down
Real County-Texas,no change
Red Lake County-Minnesota,up
Red River County-Texas,up
Red River Parish-Louisiana,no change
Reeves County-Texas,no change
Refugio County-Texas,down
Reno County-Kansas,down
Renville County-Minnesota,down
Republic County-Kansas,up
Reynolds County-Missouri,down
Rhea County-Tennessee,up
Rice County-Kansas,up
Rice County-Minnesota,down
Rich County-Utah,down
Richardson County-Nebraska,up
Richland County-Illinois,up
Richland County-Montana,down
Richland County-Ohio,down
Richland County-South Carolina,up
Richland County-Wisconsin,up
Richmond County-New York,down
Richmond County-Virginia,up
Richmond city-Virginia,up
Riley County-Kansas,down
Ringgold County-Iowa,down
Rio Blanco County-Colorado,up
Rio Grande County-Colorado,up
Ripley County-Indiana,down
Ripley County-Missouri,down
Ritchie County-West Virginia,down
Riverside County-California,up
Roane County-West Virginia,down
Roanoke County-Virginia,down
Roanoke city-Virginia,up
Roberts County-Texas,no change
Robertson County-Kentucky,down
Robertson County-Texas,down
Robeson County-North Carolina,down
Rock County-Minnesota,down
Rock County-Nebraska,no change
Rock County-Wisconsin,down
Rock Island County-Illinois,down
Rockbridge County-Virginia,down
Rockcastle County-Kentucky,up
Rockdale County-Georgia,down
Rockingham County-New Hampshire,up
Rockingham County-North Carolina,down
Rockingham County-Virginia,down
Rockwall County-Texas,down
Roger Mills County-Oklahoma,down
Rogers County-Oklahoma,down
Rooks County-Kansas,up
Roosevelt County-New Mexico,down
Roscommon County-Michigan,down
Roseau County-Minnesota,up
Ross County-Ohio,down
Rowan County-Kentucky,no change
Rowan County-North Carolina,up
Runnels County-Texas,down
Rush County-Indiana,down
Rush County-Kansas,down
Rusk County-Texas,up
Rusk County-Wisconsin,up
Russell County-Alabama,down
Russell County-Kansas,down
Russell County-Kentucky,up
Russell County-Virginia,down
Rutherford County-North Carolina,up
Sabine County-Texas,up
Sac County-Iowa,down
Sacramento County-California,down
Sagadahoc County-Maine,up
Saginaw County-Michigan,down
Saguache County-Colorado,up
Salem County-New Jersey,down
Salem city-Virginia,up
Saline County-Illinois,down
Saline County-Kansas,down
Saline County-Missouri,down
Saline County-Nebraska,up
Salt Lake County-Utah,down
Saluda County-South Carolina,up
Sampson County-North Carolina,up
San Augustine County-Texas,no change
San Benito County-California,down
San Diego County-California,down
San Francisco County-California,down
San Jacinto County-Texas,down
San Juan County-Colorado,up
San Juan County-Utah,up
San Juan County-Washington,down
San Mateo County-California,down
San Miguel County-Colorado,down
San Patricio County-Texas,down
San Saba County-Texas,down
Sanders County-Montana,down
Sandoval County-New Mexico,down
Sandusky County-Ohio,up
Sangamon County-Illinois,up
Sanilac County-Michigan,down
Sanpete County-Utah,down
Santa Clara County-California,down
Santa Cruz County-California,down
Santa Fe County-New Mexico,down
Santa Rosa County-Florida,down
Sarasota County-Florida,down
Saratoga County-New York,up
Sarpy County-Nebraska,down
Sauk County-Wisconsin,down
Saunders County-Nebraska,up
Sawyer County-Wisconsin,down
Schenectady County-New York,up
Schleicher County-Texas,up
Schley County-Georgia,down
Schoolcraft County-Michigan,down
Schuyler County-Illinois,down
Schuyler County-Missouri,up
Schuylkill County-Pennsylvania,down
Scioto County-Ohio,down
Scotland County-Missouri,down
Scotland County-North Carolina,down
Scott County-Illinois,down
Scott County-Indiana,down
Scott County-Iowa,down
Scott County-Kansas,down
Scott County-Minnesota,down
Scott County-Mississippi,up
Scott County-Missouri,down
Scott County-Tennessee,up
Scott County-Virginia,down
Scotts Bluff County-Nebraska,up
Screven County-Georgia,down
Scurry County-Texas,down
Sedgwick County-Colorado,up
Sedgwick County-Kansas,down
Seminole County-Florida,down
Seminole County-Georgia,down
Seminole County-Oklahoma,down
Seneca County-Ohio,up
Sequatchie County-Tennessee,up
Sequoyah County-Oklahoma,up
Sevier County-Tennessee,down
Sevier County-Utah,no change
Seward County-Kansas,down
Seward County-Nebraska,down
Shackelford County-Texas,up
Shannon County-Missouri,down
Sharkey County-Mississippi,up
Shasta County-California,down
Shawano County-Wisconsin,up
Shawnee County-Kansas,down
Sheboygan County-Wisconsin,down
Shelby County-Alabama,down
Shelby County-Illinois,up
Shelby County-Indiana,up
Shelby County-Iowa,up
Shelby County-Kentucky,up
Shelby County-Missouri,down
Shelby County-Ohio,up
Shelby County-Tennessee,down
Shelby County-Texas,down
Shenandoah County-Virginia,down
Sherburne County-Minnesota,down
Sheridan County-Kansas,down
Sheridan County-Montana,up
Sheridan County-Nebraska,up
Sheridan County-Wyoming,up
Sherman County-Kansas,up
Sherman County-Nebraska,down
Sherman County-Oregon,down
Sherman County-Texas,down
Shiawassee County-Michigan,down
Sibley County-Minnesota,down
Sierra County-California,down
Sierra County-New Mexico,down
Silver Bow County-Montana,up
Simpson County-Kentucky,up
Simpson County-Mississippi,down
Sioux County-Iowa,down
Sioux County-Nebraska,up
Skagit County-Washington,down
Skamania County-Washington,up
Smith County-Kansas,up
Smith County-Mississippi,down
Smith County-Texas,down
Smyth County-Virginia,up
Snohomish County-Washington,up
Snyder County-Pennsylvania,up
Socorro County-New Mexico,down
Solano County-California,down
Somerset County-Maine,up
Somerset County-New Jersey,down
Somerset County-Pennsylvania,down
Somervell County-Texas,down
Southampton County-Virginia,up
Spalding County-Georgia,down
Spartanburg County-South Carolina,down
Spencer County-Indiana,down
Spencer County-Kentucky,no change
Spokane County-Washington,up
Spotsylvania County-Virginia,up
St. Charles County-Missouri,down
St. Clair County-Alabama,down
St. Clair County-Illinois,up
St. Clair County-Missouri,up
St. Croix County-Wisconsin,down
St. Francois County-Missouri,down
St. Helena Parish-Louisiana,no change
St. Joseph County-Indiana,up
St. Joseph County-Michigan,down
St. Landry Parish-Louisiana,up
St. Louis County-Minnesota,down
St. Louis County-Missouri,down
St. Louis city-Missouri,down
St. Martin Parish-Louisiana,down
St. Tammany Parish-Louisiana,up
Stafford County-Kansas,down
Stafford County-Virginia,down
Stanly County-North Carolina,up
Stanton County-Kansas,down
Stanton County-Nebraska,up
Stark County-Illinois,down
Stark County-Ohio,down
Starke County-Indiana,up
Staunton city-Virginia,down
Ste. Genevieve County-Missouri,down
Stearns County-Minnesota,down
Steele County-Minnesota,down
Stephens County-Georgia,down
Stephens County-Oklahoma,down
Stephens County-Texas,down
Stephenson County-Illinois,up
Sterling County-Texas,down
Steuben County-Indiana,down
Stevens County-Kansas,down
Stevens County-Minnesota,down
Stevens County-Washington,down
Stewart County-Georgia,no change
Stewart County-Tennessee,down
Stillwater County-Montana,up
Stoddard County-Missouri,down
Stokes County-North Carolina,down
Stone County-Mississippi,up
Stone County-Missouri,down
Stonewall County-Texas,no change
Storey County-Nevada,down
Story County-Iowa,up
Strafford County-New Hampshire,up
Sublette County-Wyoming,up
Suffolk County-Massachusetts,down
Suffolk city-Virginia,up
Sullivan County-Indiana,down
Sullivan County-Missouri,down
Sullivan County-New Hampshire,down
Sullivan County-Pennsylvania,down
Sullivan County-Tennessee,down
Summers County-West Virginia,down
Summit County-Ohio,down
Summit County-Utah,down
Sumner County-Kansas,down
Sumner County-Tennessee,up
Sumter County-Florida,up
Sumter County-Georgia,down
Sumter County-South Carolina,down
Surry County-North Carolina,up
Surry County-Virginia,down
Susquehanna County-Pennsylvania,up
Sussex County-Delaware,down
Sussex County-New Jersey,down
Sussex County-Virginia,down
Sutter County-California,down
Sutton County-Texas,down
Suwannee County-Florida,down
Swain County-North Carolina,up
Sweet Grass County-Montana,down
Sweetwater County-Wyoming,up
Swift County-Minnesota,up
Swisher County-Texas,no change
Switzerland County-Indiana,down
Talbot County-Georgia,up
Taliaferro County-Georgia,up
Talladega County-Alabama,up
Tallahatchie County-Mississippi,down
Tama County-Iowa,up
Taney County-Missouri,up
Tangipahoa Parish-Louisiana,down
Taos County-New Mexico,up
Tarrant County-Texas,down
Tate County-Mississippi,down
Tattnall County-Georgia,down
Taylor County-Florida,down
Taylor County-Georgia,down
Taylor County-Iowa,up
Taylor County-Kentucky,up
Taylor County-Texas,down
Taylor County-Wisconsin,down
Tazewell County-Illinois,down
Tazewell County-Virginia,up
Tehama County-California,down
Telfair County-Georgia,down
Teller County-Colorado,up
Tensas Parish-Louisiana,no change
Terrebonne Parish-Louisiana,up
Terrell County-Texas,no change
Terry County-Texas,up
Teton County-Idaho,down
Teton County-Montana,up
Texas County-Missouri,down
Thayer County-Nebraska,down
Thomas County-Georgia,down
Thomas County-Kansas,down
Thomas County-Nebraska,no change
Throckmorton County-Texas,no change
Thurston County-Nebraska,up
Thurston County-Washington,down
Tift County-Georgia,up
Tillman County-Oklahoma,up
Tioga County-Pennsylvania,down
Tippah County-Mississippi,down
Tippecanoe County-Indiana,up
Tipton County-Indiana,up
Tipton County-Tennessee,up
Tishomingo County-Mississippi,down
Titus County-Texas,down
Todd County-Kentucky,down
Todd County-Minnesota,up
Tolland County-Connecticut,up
Tompkins County-New York,down
Tooele County-Utah,up
Toole County-Montana,down
Towns County-Georgia,down
Transylvania County-North Carolina,up
Traverse County-Minnesota,down
Travis County-Texas,down
Treasure County-Montana,down
Trego County-Kansas,up
Trempealeau County-Wisconsin,down
Treutlen County-Georgia,no change
Trigg County-Kentucky,up
Trimble County-Kentucky,up
Trinity County-California,down
Trinity County-Texas,up
Troup County-Georgia,down
Trousdale County-Tennessee,down
Trumbull County-Ohio,down
Tucker County-West Virginia,up
Tulare County-California,down
Tulsa County-Oklahoma,down
Tunica County-Mississippi,down
Tuscaloosa County-Alabama,up
Tuscarawas County-Ohio,down
Tuscola County-Michigan,down
Twiggs County-Georgia,up
Twin Falls County-Idaho,down
Tyler County-Texas,up
Tyler County-West Virginia,up
Tyrrell County-North Carolina,up
Uinta County-Wyoming,up
Uintah County-Utah,down
Umatilla County-Oregon,down
Unicoi County-Tennessee,down
Union County-Florida,down
Union County-Georgia,down
Union County-Illinois,down
Union County-Indiana,down
Union County-Iowa,down
Union County-Kentucky,up
Union County-Mississippi,up
Union County-New Jersey,down
Union County-New Mexico,up
Union County-North Carolina,up
Union County-Ohio,down
Union County-Oregon,down
Union County-Pennsylvania,up
Union County-South Carolina,up
Union County-Tennessee,down
Upshur County-Texas,up
Upshur County-West Virginia,up
Upson County-Georgia,down
Upton County-Texas,no change
Utah County-Utah,down
Uvalde County-Texas,down
Val Verde County-Texas,up
Valley County-Idaho,down
Valley County-Montana,down
Valley County-Nebraska,up
Van Buren County-Iowa,up
Van Buren County-Michigan,down
Van Buren County-Tennessee,up
Van Wert County-Ohio,up
Van Zandt County-Texas,up
Vance County-North Carolina,up
Vanderburgh County-Indiana,down
Venango County-Pennsylvania,down
Vermilion County-Illinois,down
Vermilion Parish-Louisiana,down
Vermillion County-Indiana,down
Vernon County-Missouri,down
Vernon County-Wisconsin,down
Victoria County-Texas,down
Vigo County-Indiana,down
Vilas County-Wisconsin,up
Vinton County-Ohio,down
Virginia Beach city-Virginia,up
Volusia County-Florida,down
Wabash County-Illinois,down
Wabash County-Indiana,up
Wabasha County-Minnesota,down
Wabaunsee County-Kansas,down
Wadena County-Minnesota,up
Wagoner County-Oklahoma,down
Wahkiakum County-Washington,up
Wake County-North Carolina,down
Wakulla County-Florida,down
Waldo County-Maine,up
Walker County-Alabama,up
Walker County-Georgia,down
Walker County-Texas,up
Walla Walla County-Washington,up
Wallace County-Kansas,no change
Waller County-Texas,down
Wallowa County-Oregon,up
Walthall County-Mississippi,down
Walton County-Florida,up
Walton County-Georgia,down
Walworth County-Wisconsin,down
Wapello County-Iowa,up
Ward County-Texas,down
Ware County-Georgia,down
Warren County-Georgia,up
Warren County-Illinois,down
Warren County-Indiana,up
Warren County-Kentucky,down
Warren County-Mississippi,up
Warren County-Missouri,down
Warren County-New Jersey,down
Warren County-New York,up
Warren County-North Carolina,up
Warren County-Ohio,down
Warren County-Pennsylvania,down
Warren County-Virginia,down
Warrick County-Indiana,down
Wasatch County-Utah,up
Wasco County-Oregon,down
Waseca County-Minnesota,down
Washakie County-Wyoming,up
Washburn County-Wisconsin,up
Washington County-Alabama,down
Washington County-Colorado,up
Washington County-Georgia,down
Washington County-Idaho,down
Washington County-Illinois,down
Washington County-Indiana,down
Washington County-Iowa,up
Washington County-Kansas,up
Washington County-Kentucky,up
Washington County-Maine,down
Washington County-Minnesota,down
Washington County-Mississippi,up
Washington County-Missouri,down
Washington County-Nebraska,up
Washington County-North Carolina,up
Washington County-Ohio,up
Washington County-Oklahoma,down
Washington County-Oregon,up
Washington County-Pennsylvania,down
Washington County-Rhode Island,down
Washington County-Texas,up
Washington County-Utah,down
Washington County-Vermont,up
Washington County-Virginia,down
Washington County-Wisconsin,down
Washington Parish-Louisiana,up
Washita County-Oklahoma,down
Washtenaw County-Michigan,down
Watauga County-North Carolina,up
Watonwan County-Minnesota,down
Waukesha County-Wisconsin,down
Waupaca County-Wisconsin,up
Waushara County-Wisconsin,up
Wayne County-Georgia,up
Wayne County-Illinois,down
Wayne County-Indiana,down
Wayne County-Iowa,up
Wayne County-Kentucky,down
Wayne County-Michigan,down
Wayne County-Mississippi,down
Wayne County-Missouri,down
Wayne County-North Carolina,down
Wayne County-Ohio,down
Wayne County-Pennsylvania,down
Wayne County-Tennessee,down
Wayne County-Utah,no change
Wayne County-West Virginia,down
Waynesboro city-Virginia,down
Weakley County-Tennessee,down
Weber County-Utah,down
Webster County-Georgia,no change
Webster County-Iowa,up
Webster County-Kentucky,up
Webster County-Mississippi,up
Webster County-Missouri,down
Webster County-Nebraska,up
Webster County-West Virginia,up
Webster Parish-Louisiana,down
Weld County-Colorado,down
Wells County-Indiana,up
West Baton Rouge Parish-Louisiana,down
West Carroll Parish-Louisiana,no change
West Feliciana Parish-Louisiana,no change
Westchester County-New York,up
Westmoreland County-Pennsylvania,down
Westmoreland County-Virginia,up
Weston County-Wyoming,no change
Wetzel County-West Virginia,down
Wexford County-Michigan,down
Wharton County-Texas,down
Whatcom County-Washington,no change
Wheatland County-Montana,down
Wheeler County-Georgia,down
Wheeler County-Nebraska,no change
Wheeler County-Oregon,no change
Wheeler County-Texas,down
White County-Georgia,down
White County-Illinois,no change
White County-Indiana,up
White County-Tennessee,up
White Pine County-Nevada,up
Whiteside County-Illinois,down
Whitfield County-Georgia,down
Whitley County-Indiana,up
Whitley County-Kentucky,up
Whitman County-Washington,down
Wibaux County-Montana,no change
Wichita County-Kansas,up
Wilcox County-Alabama,up
Wilcox County-Georgia,up
Wilkes County-Georgia,up
Wilkes County-North Carolina,up
Wilkin County-Minnesota,up
Wilkinson County-Georgia,no change
Wilkinson County-Mississippi,down
Will County-Illinois,down
Williams County-Ohio,down
Williamsburg County-South Carolina,up
Williamsburg city-Virginia,down
Williamson County-Illinois,down
Williamson County-Tennessee,down
Williamson County-Texas,down
Wilson County-Kansas,up
Wilson County-North Carolina,up
Wilson County-Tennessee,down
Wilson County-Texas,down
Winchester city-Virginia,down
Windsor County-Vermont,up
Winkler County-Texas,up
Winn Parish-Louisiana,down
Winnebago County-Illinois,down
Winnebago County-Iowa,down
Winnebago County-Wisconsin,down
Winneshiek County-Iowa,up
Winona County-Minnesota,down
Winston County-Alabama,up
Winston County-Mississippi,down
Wirt County-West Virginia,up
Wise County-Texas,down
Wise County-Virginia,down
Wolfe County-Kentucky,up
Wood County-Ohio,down
Wood County-Texas,down
Wood County-West Virginia,down
Wood County-Wisconsin,up
Woodbury County-Iowa,up
Woodford County-Illinois,up
Woods County-Oklahoma,up
Woodson County-Kansas,up
Woodward County-Oklahoma,down
Worcester County-Massachusetts,down
Worth County-Georgia,up
Worth County-Iowa,down
Worth County-Missouri,no change
Wright County-Iowa,up
Wright County-Minnesota,down
Wright County-Missouri,up
Wyandot County-Ohio,up
Wyandotte County-Kansas,up
Wyoming County-Pennsylvania,down
Wyoming County-West Virginia,down
Wythe County-Virginia,down
Yadkin County-North Carolina,up
Yakima County-Washington,up
Yalobusha County-Mississippi,up
Yamhill County-Oregon,down
Yancey County-North Carolina,up
Yavapai County-Arizona,down
Yellow Medicine County-Minnesota,down
Yellowstone County-Montana,up
Yoakum County-Texas,up
Yolo County-California,down
York County-Maine,down
York County-Nebraska,up
York County-Pennsylvania,down
York County-South Carolina,down
York County-Virginia,down
Young County-Texas,down
Yuba County-California,down
Zapata County-Texas,down
Zavala County-Texas,no change
